{
    "display": {
      "icon": {
        "item": "minecraft:blue_bed"
      },
      "title": "Banner Bedsheets",
      "description": {
        "text": "§bLets you decorate beds with banners!"
      },
      "show_toast": true,
      "frame": "challenge",
      "announce_to_chat": false,
      "hidden": false
    },
    "parent": "gurkis:root",
    "criteria": {
      "requirement": {
        "trigger": "minecraft:tick"
      }
    },
    "sends_telemetry_event": false
  }
  