{
  "display": {
    "icon": {
      "item": "minecraft:blue_banner",
      "nbt": "{BlockEntityTag:{Patterns:[{Pattern:flo,Color:14},{Pattern:cs,Color:14},{Pattern:mc,Color:0},{Pattern:sc,Color:15},{Pattern:sc,Color:0},{Pattern:gru,Color:10},{Pattern:gra,Color:10},{Pattern:cbo,Color:10},{Pattern:bo,Color:14},{Pattern:bo,Color:10}]}}"
    },
    "title": "New Sheets",
    "description": "§3Change your §b§oold crusty §3bedsheets to new ones by §b§ncrouch placing a banner at the foot of the bed!",
    "show_toast": true,
    "announce_to_chat": true,
    "hidden": false
  },
  "parent": "gurkis:bannerbedsheets",
  "criteria": {
    "requirement": {
      "trigger": "minecraft:impossible"
    }
  },
  "sends_telemetry_event": false
}